,Link
0,https://www.truepeoplesearch.com/find/person/p2484r24222ll2800r89
1,https://www.truepeoplesearch.com/find/person/pxl290rl8r6066r2l4u8n
2,https://www.truepeoplesearch.com/find/person/pxun0u26uun99lr04926n
3,https://www.truepeoplesearch.com/find/person/p628u968806l9ru80660
4,https://www.truepeoplesearch.com/find/person/p4n68l6n64nnul8n9n09
5,https://www.truepeoplesearch.com/find/person/p2lu62nl906nnrn4r962
6,https://www.truepeoplesearch.com/find/person/p698r8rr4n00n90r9r22
7,https://www.truepeoplesearch.com/find/person/px29r62u6989rln4l2200
8,https://www.truepeoplesearch.com/find/person/pxnuu099lu6n2846l6n0
9,https://www.truepeoplesearch.com/find/person/p46669lur04rrun0n08l
10,https://www.truepeoplesearch.com/find/person/px488l9982un8un9999r9
11,https://www.truepeoplesearch.com/find/person/pxlr6lr680nln80luur9u
12,https://www.truepeoplesearch.com/find/person/pxn24rlnl0lll9662n298
13,https://www.truepeoplesearch.com/find/person/pr8l92n4n66669860269
14,https://www.truepeoplesearch.com/find/person/pl098ln09890nn2l9682
15,https://www.truepeoplesearch.com/find/person/pxluun09lu4260r8nuunl
16,https://www.truepeoplesearch.com/find/person/p2n889n02u260r2486r0
17,https://www.truepeoplesearch.com/find/person/pxr84n62l99099r0r24u
18,https://www.truepeoplesearch.com/find/person/p69649r9u0ru88n64u94
19,https://www.truepeoplesearch.com/find/person/pxr6898n0n22rn292n022
20,https://www.truepeoplesearch.com/find/person/pnunn9n8222lnl2082r6
21,https://www.truepeoplesearch.com/find/person/p80460290220828un8l9
22,https://www.truepeoplesearch.com/find/person/pxur4lrl99n906nlr96l0
23,https://www.truepeoplesearch.com/find/person/pn9r84nrnu8nun6llln4
24,https://www.truepeoplesearch.com/find/person/pn0449ln99n9999n0u2r
25,https://www.truepeoplesearch.com/find/person/pnullr0r46ln662r9nun
26,https://www.truepeoplesearch.com/find/person/p49l0n692690l2n86908
27,https://www.truepeoplesearch.com/find/person/pxl848lnuu89n8989n42l
28,https://www.truepeoplesearch.com/find/person/p88r8n9044u08629nu06
29,https://www.truepeoplesearch.com/find/person/px9069nll44ulul90ru69
30,https://www.truepeoplesearch.com/find/person/p2n89unnlrnn4994ll68
31,https://www.truepeoplesearch.com/find/person/pxl68uu82nr499l06u00l
32,https://www.truepeoplesearch.com/find/person/pxn90l8l0820r08r84r9l
33,https://www.truepeoplesearch.com/find/person/pr4uu86694nlul444869
34,https://www.truepeoplesearch.com/find/person/pnr909r0u484nr8l864n
35,https://www.truepeoplesearch.com/find/person/pn26n046un92n6u4lrr4
36,https://www.truepeoplesearch.com/find/person/pxul62l68l46nn9l9rn82
37,https://www.truepeoplesearch.com/find/person/pn06nun808lr0896l0nn
38,https://www.truepeoplesearch.com/find/person/prr89n2n82nn4u2rnn90
39,https://www.truepeoplesearch.com/find/person/pxun2ru66n8n2unu98r00
40,https://www.truepeoplesearch.com/find/person/pxuulru2089llrll6n00l
41,https://www.truepeoplesearch.com/find/person/px669r848n46n42r62l0
